Day,Predicted_Close
1,3464.0975587093876
2,3438.144235230196
3,3406.7986421332016
4,3398.934776827731
5,3419.669351681102
